true__action_noise,true__xprob_volatility,estimated__action_noise,estimated__xprob_volatility,prior_idx,input_sequence_idx,simulation_idx
0.1,-10,0.12677765053738022,-7.490805815134433,1,1,1
0.1,-9,0.13783503196586122,-7.199578298165882,1,1,1
0.1,-8,0.05650532266851044,-7.799089710010662,1,1,1
0.1,-7,0.10210824876993055,-7.215400617016872,1,1,1
0.1,-6,0.10349164955597775,-5.789724919090352,1,1,1
0.1,-5,0.09189517386143292,-4.981989890812388,1,1,1
0.1,-4,0.054677261353757195,-4.6963046734182505,1,1,1
0.1,-3,0.13161833667351985,-2.8358506172203874,1,1,1
0.1,-2,0.122393080541697,-1.9554185464557943,1,1,1
0.4,-10,0.4066082945648722,-7.151388362947625,1,1,1
0.4,-9,0.42879759870029066,-6.3605755572358476,1,1,1
0.4,-8,0.443431436446448,-7.707016057011082,1,1,1
0.4,-7,0.5487905560849856,-6.174651815979967,1,1,1
0.4,-6,0.4939028227733555,-6.190112054128912,1,1,1
0.4,-5,0.35333020541850824,-4.7450658480533665,1,1,1
0.4,-4,0.4823005231021387,-4.199416011767844,1,1,1
0.4,-3,0.4300200689185387,-3.615393014549013,1,1,1
0.4,-2,0.33992959640466347,-2.201419052672192,1,1,1
0.7,-10,0.7971383229726292,-5.809957455479887,1,1,1
0.7,-9,0.6400767228060934,-6.1258270180995185,1,1,1
0.7,-8,0.9271888821657162,-6.758201949332882,1,1,1
0.7,-7,0.7834440698771623,-6.932086056779783,1,1,1
0.7,-6,1.0003485030837669,-4.702849975376289,1,1,1
0.7,-5,1.0539083647860443,-4.590292332917581,1,1,1
0.7,-4,0.5910296396201333,-4.747568377244278,1,1,1
0.7,-3,0.6663714291856169,-3.2017574661227144,1,1,1
0.7,-2,0.8731554412016693,-2.1539029128605427,1,1,1
1.0,-10,0.8100873130971894,-7.644588665720267,1,1,1
1.0,-9,0.8648416379458304,-7.264751941725172,1,1,1
1.0,-8,1.2978133751802359,-5.731331326323323,1,1,1
1.0,-7,0.9185232022222557,-6.536186546321511,1,1,1
1.0,-6,0.8030491633842621,-6.716774341923543,1,1,1
1.0,-5,1.1809322280067844,-5.505167842061713,1,1,1
1.0,-4,0.92551306907759,-3.400706585833287,1,1,1
1.0,-3,0.9851723717202387,-2.955071323410408,1,1,1
1.0,-2,0.859108066348527,-1.834593346114128,1,1,1
1.3,-10,1.4115551896966176,-7.342614227158757,1,1,1
1.3,-9,0.9147346929845945,-6.032898482921629,1,1,1
1.3,-8,1.7875732121226784,-6.472531873757994,1,1,1
1.3,-7,1.4538902421141378,-6.576361744408226,1,1,1
1.3,-6,1.5430727649928893,-6.273683659248119,1,1,1
1.3,-5,1.3708052670052138,-6.245995629752668,1,1,1
1.3,-4,1.0072067786676708,-5.658675140783084,1,1,1
1.3,-3,1.3914152137822027,-4.375251766052261,1,1,1
1.3,-2,1.1454238251363944,-2.6754756054731517,1,1,1
1.6,-10,1.6723156001523969,-4.644929283968313,1,1,1
1.6,-9,1.6766618845158479,-6.7444850365830025,1,1,1
1.6,-8,1.2000935539855482,-7.295918591582135,1,1,1
1.6,-7,1.4370930137803983,-5.29203222120004,1,1,1
1.6,-6,1.6086239073907542,-5.6052390448404905,1,1,1
1.6,-5,1.0707663234501272,-7.2966069698407745,1,1,1
1.6,-4,1.2587383806460963,-6.431783978938675,1,1,1
1.6,-3,1.0750777311677067,-5.215626842720434,1,1,1
1.6,-2,2.1363504153216475,-2.5663917803878515,1,1,1
1.9,-10,1.7650499932976484,-6.257797099279708,1,1,1
1.9,-9,1.822324875358613,-6.817136304684944,1,1,1
1.9,-8,1.6538524329026156,-6.829516475176901,1,1,1
1.9,-7,1.3060757371623057,-5.014678717404932,1,1,1
1.9,-6,1.3129903658590991,-6.624482901996634,1,1,1
1.9,-5,1.640692538431035,-4.591602515631573,1,1,1
1.9,-4,1.2479777405768882,-5.3917231548824285,1,1,1
1.9,-3,1.3680955561003438,-3.3173907014536734,1,1,1
1.9,-2,1.4692036464465472,-4.074747906733987,1,1,1
2.2,-10,2.0968108631217275,-5.791272190563227,1,1,1
2.2,-9,1.6475006640505747,-6.265832591186246,1,1,1
2.2,-8,2.102442191594778,-6.23049531202311,1,1,1
2.2,-7,1.8766501294878892,-6.500519110996159,1,1,1
2.2,-6,1.8327667030141916,-4.9865298318039875,1,1,1
2.2,-5,1.7505351248170578,-4.440486239610111,1,1,1
2.2,-4,1.7562636353096122,-5.733799999095689,1,1,1
2.2,-3,1.4141280105058858,-3.4369260560046477,1,1,1
2.2,-2,1.5547510774913342,-3.6843891450322928,1,1,1
2.5,-10,1.7307114732155502,-6.692285317755925,1,1,1
2.5,-9,1.6902914837554857,-6.581362639694559,1,1,1
2.5,-8,1.6451491443781485,-6.879056307672714,1,1,1
2.5,-7,1.8277421088851262,-4.813915483951286,1,1,1
2.5,-6,1.770434689305699,-6.188595202403864,1,1,1
2.5,-5,1.949252560783276,-6.574620616919795,1,1,1
2.5,-4,1.7374699428923426,-5.612362234121301,1,1,1
2.5,-3,1.2835809637792606,-5.62681176613995,1,1,1
2.5,-2,2.257344772840397,-1.7611149270566284,1,1,1
0.1,-10,0.1295060994117865,-7.569033127830175,1,1,2
0.1,-9,0.12139374483474322,-8.542481360955303,1,1,2
0.1,-8,0.12091085608643881,-8.76224457560665,1,1,2
0.1,-7,0.12152471388453806,-6.448349219207563,1,1,2
0.1,-6,0.08343742720187289,-6.398730051143854,1,1,2
0.1,-5,0.04868959300336572,-4.704174451938173,1,1,2
0.1,-4,0.09187142739116613,-3.8608434746068414,1,1,2
0.1,-3,0.035179361350421774,-3.1299971288516586,1,1,2
0.1,-2,0.1533697388703441,-1.9345373676185478,1,1,2
0.4,-10,0.34405427054527743,-7.709146234260221,1,1,2
0.4,-9,0.6081241394535926,-6.766331644431904,1,1,2
0.4,-8,0.5481041044722781,-7.964808754905744,1,1,2
0.4,-7,0.4090058218903592,-6.498147007408077,1,1,2
0.4,-6,0.39722066932853534,-5.068307732288039,1,1,2
0.4,-5,0.4146809896290085,-4.495873145665607,1,1,2
0.4,-4,0.4132432740893735,-4.12594817922464,1,1,2
0.4,-3,0.4207366893546335,-3.1265827288531334,1,1,2
0.4,-2,0.2860502821311966,-2.0059599167925963,1,1,2
0.7,-10,0.7057150554882821,-7.685711732264799,1,1,2
0.7,-9,0.7485673196382261,-6.734549435167371,1,1,2
0.7,-8,1.1227188533542511,-6.014466073067624,1,1,2
0.7,-7,0.7345336733585844,-7.28858321054471,1,1,2
0.7,-6,0.6404925274942233,-6.435856284379092,1,1,2
0.7,-5,0.7299395855180332,-5.066171042785291,1,1,2
0.7,-4,0.6391120555041228,-4.746558565535694,1,1,2
0.7,-3,0.6716048023122279,-3.4733942757520504,1,1,2
0.7,-2,0.8390909932023043,-2.0379224412640777,1,1,2
1.0,-10,0.8507002486875139,-7.147691912861999,1,1,2
1.0,-9,0.9581648996609543,-5.892671071010618,1,1,2
1.0,-8,1.205877511061531,-6.390413923211832,1,1,2
1.0,-7,0.9482714968258386,-5.997790895444123,1,1,2
1.0,-6,1.0131233928883132,-6.377291438116998,1,1,2
1.0,-5,0.8738591163355313,-4.19971446318544,1,1,2
1.0,-4,0.7606848798289509,-6.002012773974453,1,1,2
1.0,-3,0.8546295780371214,-3.844003967113487,1,1,2
1.0,-2,0.9072206665418157,-2.4425664506405624,1,1,2
1.3,-10,1.1206884174663685,-7.114373797693917,1,1,2
1.3,-9,0.9273568219970101,-6.005324730934911,1,1,2
1.3,-8,1.7875306165754354,-5.806266909101296,1,1,2
1.3,-7,1.1565332971926061,-5.629293669151588,1,1,2
1.3,-6,1.0142422994364209,-6.990324123087884,1,1,2
1.3,-5,1.3805276597248102,-4.9900462855053656,1,1,2
1.3,-4,1.217742515434095,-4.19616007359391,1,1,2
1.3,-3,1.087745114530331,-3.4142834782115457,1,1,2
1.3,-2,1.3238052157052653,-2.391957675613885,1,1,2
1.6,-10,1.962244870704928,-5.597631572266389,1,1,2
1.6,-9,1.373702299757996,-5.3884402319350455,1,1,2
1.6,-8,1.505105991881724,-6.002499996551229,1,1,2
1.6,-7,1.602355421198092,-6.067710312391927,1,1,2
1.6,-6,1.2270422105839394,-4.186223633056189,1,1,2
1.6,-5,1.5298101554139025,-4.32678529451046,1,1,2
1.6,-4,1.3259482377452922,-2.9327533065571005,1,1,2
1.6,-3,1.1947763463500258,-3.452950342101281,1,1,2
1.6,-2,1.5243332610747506,-2.1422098645469894,1,1,2
1.9,-10,1.9127473338158005,-7.115921456917186,1,1,2
1.9,-9,1.600135229867166,-6.986761141012969,1,1,2
1.9,-8,1.3202150902792646,-6.783951550048033,1,1,2
1.9,-7,1.9245250083465235,-6.541506470730084,1,1,2
1.9,-6,1.6468884398980177,-6.9558628771790545,1,1,2
1.9,-5,1.7512715773861154,-6.05442611384432,1,1,2
1.9,-4,1.8632447482026178,-3.7222835439724333,1,1,2
1.9,-3,1.017718244606285,-4.0430958207320895,1,1,2
1.9,-2,1.385685408047223,-3.5093753569266797,1,1,2
2.2,-10,2.049291122486455,-7.009044180335234,1,1,2
2.2,-9,1.7821860684421644,-5.544464504714848,1,1,2
2.2,-8,1.9588776686561713,-6.80670362551324,1,1,2
2.2,-7,1.3265270320098246,-5.912594383872115,1,1,2
2.2,-6,1.8825557194142815,-5.993459115625032,1,1,2
2.2,-5,1.7917981793165707,-6.111250788154013,1,1,2
2.2,-4,1.6562473214674334,-5.914981141116165,1,1,2
2.2,-3,1.6718528417008822,-4.675003334653086,1,1,2
2.2,-2,1.5501037861752658,-2.937831211812832,1,1,2
2.5,-10,1.6677421370889998,-6.165080574571936,1,1,2
2.5,-9,1.6222551491586417,-4.773666818265912,1,1,2
2.5,-8,1.7294240021012703,-6.222852064054084,1,1,2
2.5,-7,1.9361557210456226,-6.420177464307509,1,1,2
2.5,-6,1.402816546714556,-6.420412062693891,1,1,2
2.5,-5,1.9660765081487135,-5.521467565607519,1,1,2
2.5,-4,0.9001276147804442,-5.149161982451587,1,1,2
2.5,-3,1.267374365154006,-7.1675266853927315,1,1,2
2.5,-2,1.4451601004662806,-2.2562243437256395,1,1,2
0.1,-10,0.06682923397062052,-8.344134995609139,1,1,3
0.1,-9,0.16862473454954557,-8.120069670514436,1,1,3
0.1,-8,0.09406195691076508,-7.353084792995936,1,1,3
0.1,-7,0.11469897287857048,-7.871287204251624,1,1,3
0.1,-6,0.09665983430931965,-6.384556753478938,1,1,3
0.1,-5,0.11301045543910782,-4.7559016561486835,1,1,3
0.1,-4,0.10162131852177571,-3.8900995800401184,1,1,3
0.1,-3,0.14453402525586134,-3.3489482528954677,1,1,3
0.1,-2,0.09813732691625249,-2.011462850004855,1,1,3
0.4,-10,0.3445549343420655,-7.857094176010074,1,1,3
0.4,-9,0.35762284452973403,-7.457584235280758,1,1,3
0.4,-8,0.5400890353524429,-6.239384861244717,1,1,3
0.4,-7,0.42326913099337227,-6.888918448786338,1,1,3
0.4,-6,0.4161765257588902,-6.301205351956688,1,1,3
0.4,-5,0.4797192811186275,-4.505547688906811,1,1,3
0.4,-4,0.3732118867821844,-3.9599243010844143,1,1,3
0.4,-3,0.37960775178325257,-2.9739884540228827,1,1,3
0.4,-2,0.4332380312695624,-2.0426589899026997,1,1,3
0.7,-10,0.9090897581115231,-5.296978372623608,1,1,3
0.7,-9,0.8562478628723091,-7.366344600178705,1,1,3
0.7,-8,0.6148100560591976,-7.0311079099066855,1,1,3
0.7,-7,0.7945983623721835,-7.269653121369468,1,1,3
0.7,-6,0.6628941521336187,-6.425659203444196,1,1,3
0.7,-5,0.792003855775169,-6.161596987353207,1,1,3
0.7,-4,0.5597472063394621,-4.238621292907764,1,1,3
0.7,-3,0.8162471609549895,-2.483968615750384,1,1,3
0.7,-2,0.5469946846479052,-2.054864149763092,1,1,3
1.0,-10,1.1232879027939284,-7.43147832927068,1,1,3
1.0,-9,1.263948119769931,-7.069272831099418,1,1,3
1.0,-8,1.066734913905683,-7.8857429341428436,1,1,3
1.0,-7,0.8244493982835935,-6.394723143135389,1,1,3
1.0,-6,1.035487805549383,-6.056357655452832,1,1,3
1.0,-5,1.3628666225012418,-4.055103968227971,1,1,3
1.0,-4,1.4795180810230075,-4.572208028249138,1,1,3
1.0,-3,1.1006924008631398,-3.573765206158064,1,1,3
1.0,-2,0.8980226821175479,-2.7901679165670767,1,1,3
1.3,-10,1.2799767603281196,-5.652042480985449,1,1,3
1.3,-9,1.5435679926757704,-6.576407378885797,1,1,3
1.3,-8,1.0952465324142278,-6.885450948800202,1,1,3
1.3,-7,1.4321793898100657,-5.490710941324187,1,1,3
1.3,-6,0.737251329408444,-4.858487942240413,1,1,3
1.3,-5,1.449471390854252,-4.524028875316732,1,1,3
1.3,-4,1.6143365344659122,-4.5851747372404255,1,1,3
1.3,-3,1.0832051256499007,-4.052433723193112,1,1,3
1.3,-2,1.1191998328626935,-3.621607821567807,1,1,3
1.6,-10,1.1724686135317939,-7.607188298183647,1,1,3
1.6,-9,0.8320765965016474,-6.812913641240486,1,1,3
1.6,-8,1.3637160626373779,-7.074556150599702,1,1,3
1.6,-7,1.4887310415215123,-3.833472907492591,1,1,3
1.6,-6,1.2952719405662012,-5.921614056159831,1,1,3
1.6,-5,1.983505166122864,-5.870327296565265,1,1,3
1.6,-4,1.5355528095124766,-4.252508838064272,1,1,3
1.6,-3,1.426083254616431,-2.753931073681377,1,1,3
1.6,-2,1.6510510485940633,-2.1049077592274923,1,1,3
1.9,-10,2.014700546010217,-6.562233447994304,1,1,3
1.9,-9,1.8890962701810032,-6.874415707685891,1,1,3
1.9,-8,1.7231882427652057,-6.089581452143051,1,1,3
1.9,-7,1.7943842482035157,-5.597163439267426,1,1,3
1.9,-6,1.2030227976898185,-5.368155263432024,1,1,3
1.9,-5,1.5164616375335167,-4.711336695977042,1,1,3
1.9,-4,1.998988668021188,-2.668737764762612,1,1,3
1.9,-3,1.3600993971845665,-4.222837410915581,1,1,3
1.9,-2,1.3119922981909693,-3.090873769988894,1,1,3
2.2,-10,2.0815387124400733,-5.414298890961627,1,1,3
2.2,-9,1.681697108272854,-5.740854544550624,1,1,3
2.2,-8,2.1291418765447494,-6.051496156420248,1,1,3
2.2,-7,1.95078770888305,-6.0859248410169045,1,1,3
2.2,-6,1.9286043337688246,-5.790165492880006,1,1,3
2.2,-5,1.8303666750918772,-4.549514716108255,1,1,3
2.2,-4,1.5352159513843877,-4.253762908388042,1,1,3
2.2,-3,2.25478882421395,-5.561258365007698,1,1,3
2.2,-2,1.3238130201103346,-4.096427739556648,1,1,3
2.5,-10,2.0046748993809307,-7.145711065390319,1,1,3
2.5,-9,1.2596565037552039,-6.65580298541056,1,1,3
2.5,-8,2.3017404959136276,-6.621600839536715,1,1,3
2.5,-7,1.2254717584417867,-6.167785272199703,1,1,3
2.5,-6,1.946742001572654,-5.965906159361488,1,1,3
2.5,-5,1.94407770686334,-6.710567042231206,1,1,3
2.5,-4,1.6777538522350528,-5.901672983047615,1,1,3
2.5,-3,2.1124283988941803,-3.1101403462039596,1,1,3
2.5,-2,1.6842082159588458,-6.127763020996232,1,1,3
0.1,-10,0.15613743286386395,-7.660122021219445,1,1,4
0.1,-9,0.16103351688785453,-7.1734740906048176,1,1,4
0.1,-8,0.12318207723420642,-7.551818171596185,1,1,4
0.1,-7,0.060536417183722664,-6.946798186701523,1,1,4
0.1,-6,0.09855459293927912,-6.017735676882123,1,1,4
0.1,-5,0.1252363096731257,-5.224046030853144,1,1,4
0.1,-4,0.08521497671112169,-4.070001168881822,1,1,4
0.1,-3,0.11633674715570862,-3.0975709445423747,1,1,4
0.1,-2,0.13698022072026353,-2.060748083919213,1,1,4
0.4,-10,0.49925153579823633,-7.8637392351926705,1,1,4
0.4,-9,0.4632602505565041,-8.193019737735,1,1,4
0.4,-8,0.3381645379026578,-6.22273073258269,1,1,4
0.4,-7,0.5636263780477951,-6.102715788426142,1,1,4
0.4,-6,0.31991653860593733,-6.50711357081703,1,1,4
0.4,-5,0.4116267772528406,-4.697221728393447,1,1,4
0.4,-4,0.32201236000363553,-3.9162502115136277,1,1,4
0.4,-3,0.4075035505345026,-3.0056084925914166,1,1,4
0.4,-2,0.33625138953937683,-1.9378140015463874,1,1,4
0.7,-10,0.5850796103441592,-7.3859211895317,1,1,4
0.7,-9,0.785858957371975,-5.770050237295386,1,1,4
0.7,-8,0.8897137354085977,-7.1512357589488715,1,1,4
0.7,-7,0.7794482357125838,-7.851724674141231,1,1,4
0.7,-6,0.47075077641846597,-6.857906886299097,1,1,4
0.7,-5,0.9103050491856034,-5.503518930783478,1,1,4
0.7,-4,0.5776036115128101,-5.3217388446683636,1,1,4
0.7,-3,0.7396500011519815,-2.206771195878351,1,1,4
0.7,-2,0.7091460597521088,-2.400759309303488,1,1,4
1.0,-10,0.8489966539855057,-7.748464473325954,1,1,4
1.0,-9,1.0853373586345132,-7.378105867784644,1,1,4
1.0,-8,1.2536545428084365,-5.589533209516303,1,1,4
1.0,-7,1.4202897983454967,-6.844324368640848,1,1,4
1.0,-6,0.7490009075375299,-6.8791775806303095,1,1,4
1.0,-5,1.102336453010556,-6.180899911223731,1,1,4
1.0,-4,0.6909167304970839,-5.194166011631658,1,1,4
1.0,-3,1.2268569645629297,-2.7640152827927276,1,1,4
1.0,-2,0.9294730351490313,-1.8812075612763595,1,1,4
1.3,-10,0.985022203658207,-6.943027802039122,1,1,4
1.3,-9,1.801215928504365,-5.717616927028587,1,1,4
1.3,-8,1.2382466726317467,-6.728463243837764,1,1,4
1.3,-7,1.299525343394914,-6.004581277432914,1,1,4
1.3,-6,1.5760379790511116,-4.5795831879606155,1,1,4
1.3,-5,1.204409327701118,-5.7258930458272275,1,1,4
1.3,-4,1.3466248177203164,-3.5251688258169853,1,1,4
1.3,-3,1.526427543864885,-5.075092988443487,1,1,4
1.3,-2,1.0717596332551964,-2.310103825953961,1,1,4
1.6,-10,1.682532362553042,-6.068311322603049,1,1,4
1.6,-9,1.6488554151364876,-6.76494071909998,1,1,4
1.6,-8,1.3831731296494845,-6.982689483951348,1,1,4
1.6,-7,1.3379306324763114,-6.879994723284299,1,1,4
1.6,-6,1.847729131718025,-6.40593853208448,1,1,4
1.6,-5,1.3642292187134577,-4.279244700617578,1,1,4
1.6,-4,1.227636653365955,-5.100159278543842,1,1,4
1.6,-3,1.3742655211076706,-5.3166318423899614,1,1,4
1.6,-2,1.2911830087320986,-2.4492563726937844,1,1,4
1.9,-10,2.244826874446738,-7.403473926125527,1,1,4
1.9,-9,1.982828423472982,-6.528675674754616,1,1,4
1.9,-8,1.8939989186213306,-6.859245182386706,1,1,4
1.9,-7,1.5362732639767114,-5.828327748362098,1,1,4
1.9,-6,1.9278909156360697,-5.490399977798027,1,1,4
1.9,-5,1.6761451053447334,-6.035906033913556,1,1,4
1.9,-4,1.8111071943628925,-4.9276763933500884,1,1,4
1.9,-3,1.5897202570943763,-4.412996901700148,1,1,4
1.9,-2,1.6847308986532994,-2.617841776089897,1,1,4
2.2,-10,1.5376285610437224,-6.116050123670838,1,1,4
2.2,-9,1.8901351695370359,-6.455986086934773,1,1,4
2.2,-8,1.9506692751344379,-2.502249948027104,1,1,4
2.2,-7,2.108180676766155,-6.957271360289467,1,1,4
2.2,-6,1.6366072507017244,-4.571190468662172,1,1,4
2.2,-5,1.971415302891925,-5.31429522514193,1,1,4
2.2,-4,1.3282931184619025,-6.603396710179265,1,1,4
2.2,-3,1.5635119537408277,-4.574397632257687,1,1,4
2.2,-2,1.8161457625337663,-3.5816882528079796,1,1,4
2.5,-10,1.6212405176968376,-6.772437659352205,1,1,4
2.5,-9,2.1182735133298367,-6.526083135873015,1,1,4
2.5,-8,2.094595590351025,-7.0928126043293735,1,1,4
2.5,-7,1.8482430123325604,-5.898105614673474,1,1,4
2.5,-6,1.32319131300371,-6.17600416318784,1,1,4
2.5,-5,1.8160922205809418,-6.356385105596563,1,1,4
2.5,-4,1.4911121169604487,-4.731229416722195,1,1,4
2.5,-3,2.070256972814364,-2.9153035822666795,1,1,4
2.5,-2,1.4981515004856907,-2.8282393582119116,1,1,4
0.1,-10,0.08433983224952252,-8.618997712346047,1,1,5
0.1,-9,0.18923568866424623,-7.706310794281407,1,1,5
0.1,-8,0.12846756846128404,-8.006905022573013,1,1,5
0.1,-7,5.661217290172877,-1.1430200373103698,1,1,5
0.1,-6,0.13696457122974573,-5.670380252447085,1,1,5
0.1,-5,0.11344217816592987,-4.969072342871529,1,1,5
0.1,-4,0.0854555471615005,-3.9288410545551997,1,1,5
0.1,-3,0.07913036364297764,-2.989591114798131,1,1,5
0.1,-2,0.15318133704424786,-2.0189568598779877,1,1,5
0.4,-10,0.531866162406043,-7.613226064044989,1,1,5
0.4,-9,0.5102553670054538,-6.9903635190910265,1,1,5
0.4,-8,0.5641373507724259,-7.12207179971014,1,1,5
0.4,-7,0.4724501150120659,-6.298302430758435,1,1,5
0.4,-6,0.30194545935533307,-6.192481456020122,1,1,5
0.4,-5,0.3599410302316126,-4.3709694305860545,1,1,5
0.4,-4,0.37379105768468107,-4.169280215098475,1,1,5
0.4,-3,0.37158322332094684,-2.9551202990502197,1,1,5
0.4,-2,0.3939693022742826,-1.9160266219164845,1,1,5
0.7,-10,0.7418367089717322,-7.178572110196415,1,1,5
0.7,-9,0.6195095181899803,-6.46394754808242,1,1,5
0.7,-8,6.88055662319629,-1.1424463878204738,1,1,5
0.7,-7,0.9268796162441343,-7.8168215075434,1,1,5
0.7,-6,0.7211862329211933,-4.722875836002563,1,1,5
0.7,-5,0.6538727618615776,-4.897840774990748,1,1,5
0.7,-4,0.7631432156303202,-4.407589347408575,1,1,5
0.7,-3,0.6702710762107793,-3.515718316961965,1,1,5
0.7,-2,0.5840202500758924,-2.3840506419265384,1,1,5
1.0,-10,0.9468219624655912,-5.812365801148434,1,1,5
1.0,-9,0.9681865352266377,-7.46563758496236,1,1,5
1.0,-8,0.7194946913248763,-7.043678235200507,1,1,5
1.0,-7,0.868376919884833,-5.091150511585254,1,1,5
1.0,-6,0.9024212628338822,-6.308639669262616,1,1,5
1.0,-5,1.1240950753502692,-4.399800078213339,1,1,5
1.0,-4,0.9891749487534263,-4.725487499137019,1,1,5
1.0,-3,1.0305016734570662,-2.6560174227887727,1,1,5
1.0,-2,1.0316477347923905,-2.3110586969336087,1,1,5
1.3,-10,1.2547424464232453,-6.745065116867348,1,1,5
1.3,-9,1.540221946131378,-6.795568954233927,1,1,5
1.3,-8,1.2846221668874782,-5.474465188299379,1,1,5
1.3,-7,1.435366890864292,-7.181991842322131,1,1,5
1.3,-6,0.9367562774276956,-5.566446049196232,1,1,5
1.3,-5,1.388490822977266,-6.112633551673775,1,1,5
1.3,-4,1.1357339800675612,-3.70297795784421,1,1,5
1.3,-3,1.0580710931755029,-3.656514661935434,1,1,5
1.3,-2,1.3237584851838236,-2.4555066866492057,1,1,5
1.6,-10,1.4792549185468435,-6.29002120551173,1,1,5
1.6,-9,1.5451218309082377,-5.637244268133731,1,1,5
1.6,-8,1.5145207098137667,-6.737790660761703,1,1,5
1.6,-7,1.1614893631911816,-6.470937991934962,1,1,5
1.6,-6,1.1853981442870651,-4.822948703335539,1,1,5
1.6,-5,1.4544905772191026,-3.4582859374433323,1,1,5
1.6,-4,1.62585749672945,-4.143446505759377,1,1,5
1.6,-3,0.9699250206664489,-5.442309475711085,1,1,5
1.6,-2,1.4695722412029832,-3.178788639783378,1,1,5
1.9,-10,1.9135971997032795,-6.837115901302574,1,1,5
1.9,-9,1.9064778921674532,-6.711937374045118,1,1,5
1.9,-8,1.3795590530674846,-6.480639215595326,1,1,5
1.9,-7,1.3322070586165413,-6.751809950872022,1,1,5
1.9,-6,1.5878116640620443,-5.096735609108016,1,1,5
1.9,-5,1.9316585247388303,-5.5861642252454144,1,1,5
1.9,-4,1.6534500748296954,-4.559445050864586,1,1,5
1.9,-3,1.500702853707247,-3.866818725907552,1,1,5
1.9,-2,1.9360092156647193,-3.539546576903464,1,1,5
2.2,-10,1.4114600894889717,-6.326022974554551,1,1,5
2.2,-9,1.4592225601753377,-6.420553443498243,1,1,5
2.2,-8,2.3309558803671004,-5.736430279215504,1,1,5
2.2,-7,1.7312131271945446,-6.734067495750541,1,1,5
2.2,-6,2.1463785582921417,-6.2222345787416735,1,1,5
2.2,-5,1.707297875929482,-6.04721435822188,1,1,5
2.2,-4,1.4681996992828708,-4.13626756502952,1,1,5
2.2,-3,1.8390396087659737,-5.606502059660115,1,1,5
2.2,-2,1.5296223253143402,-3.990830817862979,1,1,5
2.5,-10,1.9228813332116501,-6.794432488995884,1,1,5
2.5,-9,2.018475804055589,-6.829322083384898,1,1,5
2.5,-8,2.2603839500419616,-6.568331402638057,1,1,5
2.5,-7,1.9422841482439999,-5.647281584930058,1,1,5
2.5,-6,1.9759481058246957,-5.420281548202654,1,1,5
2.5,-5,2.181633612571485,-5.769298329378115,1,1,5
2.5,-4,1.9326834183940544,-5.874833190948717,1,1,5
2.5,-3,1.7458502736930814,-6.11229361255316,1,1,5
2.5,-2,1.787052933049715,-5.211872446174626,1,1,5
0.1,-10,0.12531164540816253,-8.208667713482733,1,1,6
0.1,-9,0.13636091414877277,-7.41973348026214,1,1,6
0.1,-8,0.1452571014718949,-6.829981511526807,1,1,6
0.1,-7,0.10119382718366693,-6.878431489348899,1,1,6
0.1,-6,0.11235214039374825,-6.1812022594865015,1,1,6
0.1,-5,0.12446415320960806,-4.694505897416545,1,1,6
0.1,-4,0.11705324826171817,-4.190522418523129,1,1,6
0.1,-3,0.13973146866472214,-3.0733619250735833,1,1,6
0.1,-2,0.1600936088367703,-1.9641359929681785,1,1,6
0.4,-10,0.39150076600092787,-8.039102535053658,1,1,6
0.4,-9,0.42100072365457675,-7.408617312611764,1,1,6
0.4,-8,0.3864788353508285,-7.94440356511274,1,1,6
0.4,-7,0.4174387085831167,-6.447627838754546,1,1,6
0.4,-6,0.511321890530728,-5.182102821130642,1,1,6
0.4,-5,0.3860615815058229,-5.091638278777514,1,1,6
0.4,-4,0.41394373593684375,-3.961200338565435,1,1,6
0.4,-3,0.33514792814708794,-2.7961791091725114,1,1,6
0.4,-2,0.3508004029272354,-2.015490947563033,1,1,6
0.7,-10,1.0697382369984028,-5.879857690515379,1,1,6
0.7,-9,0.8339210398184332,-7.563864587849493,1,1,6
0.7,-8,0.8726771578315036,-5.9602567493037455,1,1,6
0.7,-7,0.8072746046413783,-6.589439142612553,1,1,6
0.7,-6,0.9369277055738405,-6.068387512929553,1,1,6
0.7,-5,0.7309400765052589,-5.505340154829717,1,1,6
0.7,-4,1.0477504542790381,-4.254718013867995,1,1,6
0.7,-3,0.7956259451463656,-3.5621310750736406,1,1,6
0.7,-2,0.5464075658036605,-2.3458527223353434,1,1,6
1.0,-10,1.3185864897741904,-6.734898325515243,1,1,6
1.0,-9,1.3593967098280395,-6.378544532285362,1,1,6
1.0,-8,1.4807872468351015,-7.253895919913578,1,1,6
1.0,-7,1.1707665018800961,-5.284775282114126,1,1,6
1.0,-6,0.7362018898960081,-6.597697392438897,1,1,6
1.0,-5,0.9279160394476744,-5.449606197084558,1,1,6
1.0,-4,0.8721368852199332,-5.398105781065112,1,1,6
1.0,-3,0.936422394821834,-4.272240659076823,1,1,6
1.0,-2,1.2981954708928152,-1.7817505180776911,1,1,6
1.3,-10,1.6525060089469368,-6.160836493329597,1,1,6
1.3,-9,1.7467366614529536,-6.3303851222647385,1,1,6
1.3,-8,1.7395245215713442,-6.01966336418856,1,1,6
1.3,-7,1.5964022671992213,-6.986125457860378,1,1,6
1.3,-6,1.2723065446091728,-5.948427218385822,1,1,6
1.3,-5,1.2916133341017224,-6.0413419898298475,1,1,6
1.3,-4,1.1469716124367402,-5.860462004882302,1,1,6
1.3,-3,0.8977967570723104,-3.543163672939472,1,1,6
1.3,-2,1.5098964180830787,-2.0831213228209764,1,1,6
1.6,-10,1.440974323119982,-6.981078603784274,1,1,6
1.6,-9,1.7013559673031913,-5.2438976054027675,1,1,6
1.6,-8,1.6353689643494578,-6.495711587055093,1,1,6
1.6,-7,1.981239662395981,-5.247884904643962,1,1,6
1.6,-6,1.4196219839974917,-6.782676093346734,1,1,6
1.6,-5,1.598305644600065,-4.7521313675782775,1,1,6
1.6,-4,1.644239586339381,-5.0999558387742825,1,1,6
1.6,-3,1.0826728743060345,-2.604134888170911,1,1,6
1.6,-2,1.5311422903074086,-1.8814755025224636,1,1,6
1.9,-10,1.3392657323014103,-6.7432406199133474,1,1,6
1.9,-9,1.2065074395639868,-5.850408424073423,1,1,6
1.9,-8,1.7734361887001762,-7.215627357392774,1,1,6
1.9,-7,1.4674988345392188,-5.077262238019573,1,1,6
1.9,-6,1.4284041915033427,-5.622614861693083,1,1,6
1.9,-5,1.3712798859033601,-4.179877281331816,1,1,6
1.9,-4,2.051621165801508,-4.855592667241636,1,1,6
1.9,-3,1.6722736320090372,-3.3295596044073132,1,1,6
1.9,-2,1.1138960816421575,-5.3459404980819905,1,1,6
2.2,-10,2.0464431715809943,-5.588248863269149,1,1,6
2.2,-9,1.67923610064785,-6.3242006574271885,1,1,6
2.2,-8,2.0412610358069565,-5.859483381522379,1,1,6
2.2,-7,2.3582208826364752,-6.451740346623987,1,1,6
2.2,-6,2.1374627959356705,-6.622244433130052,1,1,6
2.2,-5,2.0698030548327147,-4.561512978450805,1,1,6
2.2,-4,2.1172561220318107,-5.882118767168979,1,1,6
2.2,-3,1.7322951913340368,-5.26817005538501,1,1,6
2.2,-2,1.8027643176457366,-2.2563835821570484,1,1,6
2.5,-10,1.9130441152491073,-6.422735158158956,1,1,6
2.5,-9,1.792067746084031,-6.165437506929285,1,1,6
2.5,-8,1.8820162525625517,-5.968218815910427,1,1,6
2.5,-7,2.1765564758062563,-5.338072083119587,1,1,6
2.5,-6,2.0779049348630565,-7.094271039356468,1,1,6
2.5,-5,1.5306839615666203,-4.890527185678379,1,1,6
2.5,-4,2.01182065428584,-5.453985531741168,1,1,6
2.5,-3,2.1369392057685928,-2.668937995186026,1,1,6
2.5,-2,1.7283697252724974,-3.3108217968954663,1,1,6
0.1,-10,0.10948370044555522,-8.49965990685727,1,1,7
0.1,-9,0.13288887250823306,-6.9105503850200485,1,1,7
0.1,-8,0.1431598001540585,-7.784696856138654,1,1,7
0.1,-7,0.11582189104239339,-7.027625074998786,1,1,7
0.1,-6,0.11737742249314637,-5.530588959885304,1,1,7
0.1,-5,0.11862118561226526,-4.783925680301776,1,1,7
0.1,-4,0.077080053121448,-4.346147936118987,1,1,7
0.1,-3,0.14072116495782447,-2.895526282760677,1,1,7
0.1,-2,0.06421797751515751,-2.053669536505026,1,1,7
0.4,-10,0.3366941309779381,-9.053522262535038,1,1,7
0.4,-9,0.4753251119002636,-7.718076299011159,1,1,7
0.4,-8,0.3905875633747925,-7.1460473599625605,1,1,7
0.4,-7,0.5121708115931827,-6.002364107068857,1,1,7
0.4,-6,0.4431471641686574,-5.835604440106669,1,1,7
0.4,-5,0.4090459012315087,-4.2512836436947605,1,1,7
0.4,-4,0.5143261773486046,-4.25481869325964,1,1,7
0.4,-3,0.5139969434594875,-3.154204682862906,1,1,7
0.4,-2,0.5579424809804583,-1.9916866821763768,1,1,7
0.7,-10,0.6589375429126277,-7.030672230683692,1,1,7
0.7,-9,0.9853747416724612,-6.45197105870612,1,1,7
0.7,-8,0.9261917149949024,-5.656713251029744,1,1,7
0.7,-7,0.7259460210223241,-7.078196210200635,1,1,7
0.7,-6,0.5415969490171916,-7.020434664444694,1,1,7
0.7,-5,0.8727664589810757,-6.179465281113316,1,1,7
0.7,-4,1.132186965580415,-3.7472975836427453,1,1,7
0.7,-3,0.6575003627990283,-2.954248414515515,1,1,7
0.7,-2,0.9166611534218005,-1.7648618677025478,1,1,7
1.0,-10,1.1308203359620688,-7.093170363152732,1,1,7
1.0,-9,1.1822412585098903,-4.821949733794152,1,1,7
1.0,-8,0.9636109022498179,-7.166369756930973,1,1,7
1.0,-7,0.8541138182369526,-6.620603982594075,1,1,7
1.0,-6,1.093643863425378,-6.174871729767844,1,1,7
1.0,-5,0.9829859556977002,-5.909587440940485,1,1,7
1.0,-4,0.7308060900322932,-4.209135303453841,1,1,7
1.0,-3,1.2446412007741392,-4.104472577193401,1,1,7
1.0,-2,0.9977934853486947,-2.0221967024569576,1,1,7
1.3,-10,1.4521118708416645,-6.890005636878924,1,1,7
1.3,-9,0.9148809146845088,-6.057260938904572,1,1,7
1.3,-8,0.911812179281501,-7.4145562317872145,1,1,7
1.3,-7,1.1407003960841442,-7.244700557952298,1,1,7
1.3,-6,1.8909917903874016,-6.160296977937524,1,1,7
1.3,-5,1.2875915493087526,-5.809590980338353,1,1,7
1.3,-4,1.354112506816219,-5.429505905697052,1,1,7
1.3,-3,1.1669914501282515,-2.4298946339726375,1,1,7
1.3,-2,1.5757323968747223,-3.5730807393389563,1,1,7
1.6,-10,1.5959566579703248,-6.588734460612734,1,1,7
1.6,-9,2.1055164809851856,-6.455682056671282,1,1,7
1.6,-8,1.7018329555707377,-4.12381958625357,1,1,7
1.6,-7,1.5520304256764517,-7.071232926516556,1,1,7
1.6,-6,1.1704054382401023,-6.208676871709365,1,1,7
1.6,-5,0.975600178362299,-7.235553399217666,1,1,7
1.6,-4,2.0622630893995253,-5.053280319437524,1,1,7
1.6,-3,1.511924358987193,-4.13245139314556,1,1,7
1.6,-2,1.5034239155825295,-2.1349008420764015,1,1,7
1.9,-10,1.539103156000842,-7.06516527805087,1,1,7
1.9,-9,2.0801779172086308,-5.568098396557947,1,1,7
1.9,-8,1.5352059514134895,-6.975008854469952,1,1,7
1.9,-7,2.36317243294547,-6.703482464130854,1,1,7
1.9,-6,1.5106940600277907,-6.709591839689946,1,1,7
1.9,-5,1.6454568248340673,-6.4573450452081556,1,1,7
1.9,-4,2.1207825421845508,-4.504195952832738,1,1,7
1.9,-3,1.25272212928166,-4.669537615892439,1,1,7
1.9,-2,1.6238333058362637,-2.0032114853026197,1,1,7
2.2,-10,1.6091441381281868,-5.890764584214731,1,1,7
2.2,-9,1.5765121021940358,-5.003072471674372,1,1,7
2.2,-8,1.666927448591141,-6.756110939739086,1,1,7
2.2,-7,1.7431340743534354,-4.969309137342945,1,1,7
2.2,-6,2.2615186563051206,-5.831598725982923,1,1,7
2.2,-5,1.7285264808364886,-6.179038826437157,1,1,7
2.2,-4,1.4913491047097027,-4.49047896680827,1,1,7
2.2,-3,1.4925128052658656,-2.7627685777590116,1,1,7
2.2,-2,2.2470726205704326,-3.386572539465177,1,1,7
2.5,-10,1.5683034113442984,-7.059701507201655,1,1,7
2.5,-9,1.8930409326185902,-6.997883061204273,1,1,7
2.5,-8,1.5106916104380348,-6.918176832929269,1,1,7
2.5,-7,2.5422369065258836,-6.174347749377551,1,1,7
2.5,-6,2.329665108577926,-5.51690240380079,1,1,7
2.5,-5,2.1425730155207168,-5.9486462266077,1,1,7
2.5,-4,1.6509757489821553,-5.097001639050939,1,1,7
2.5,-3,2.1656273122458756,-2.5868495096386077,1,1,7
2.5,-2,1.386086313592151,-5.685317975713515,1,1,7
0.1,-10,0.1065236071535581,-8.05195367161526,1,1,8
0.1,-9,0.12929776041600965,-8.689177549850536,1,1,8
0.1,-8,0.07463454295199168,-7.620944600612253,1,1,8
0.1,-7,0.12341117361060358,-7.789576757349832,1,1,8
0.1,-6,0.06405426915575932,-5.962298187080523,1,1,8
0.1,-5,0.08858739080490717,-4.96894197351151,1,1,8
0.1,-4,0.12607683994806584,-4.103305333975248,1,1,8
0.1,-3,0.09523320009031984,-2.9975644893338274,1,1,8
0.1,-2,0.1496904805802421,-2.041976743600241,1,1,8
0.4,-10,0.45906600248559437,-7.969565037782909,1,1,8
0.4,-9,0.27026930641881197,-7.077200200534028,1,1,8
0.4,-8,0.3459051189308432,-7.468535256957898,1,1,8
0.4,-7,0.4860359916835736,-5.90923900149136,1,1,8
0.4,-6,0.2895465640972008,-5.591773447383096,1,1,8
0.4,-5,0.4022587833948067,-5.621778655937812,1,1,8
0.4,-4,0.457229922522627,-4.168097969656048,1,1,8
0.4,-3,0.4251109264744657,-3.531872927727433,1,1,8
0.4,-2,0.4109838565695987,-1.957481674337104,1,1,8
0.7,-10,0.9822636236011268,-6.78701737110004,1,1,8
0.7,-9,0.47580679601289755,-6.808895636430597,1,1,8
0.7,-8,0.8586261880587838,-7.01394190516962,1,1,8
0.7,-7,1.2839708837387978,-3.840922368201931,1,1,8
0.7,-6,0.7399870013003977,-5.046714077813123,1,1,8
0.7,-5,0.8875924186222572,-4.161825655113253,1,1,8
0.7,-4,0.6868402035433084,-3.688521487256434,1,1,8
0.7,-3,0.5961283552682748,-3.304645750473756,1,1,8
0.7,-2,0.6889781125865443,-2.202403673168253,1,1,8
1.0,-10,0.8095545794000304,-6.993199488726161,1,1,8
1.0,-9,1.0402345927912235,-6.987693308323301,1,1,8
1.0,-8,1.1135530788349282,-7.09128556868147,1,1,8
1.0,-7,0.9624562312207179,-5.4609618354731095,1,1,8
1.0,-6,1.2247112593134468,-5.954978371790109,1,1,8
1.0,-5,1.3276287443499861,-4.109084395208001,1,1,8
1.0,-4,1.1290922685188258,-4.60388290769067,1,1,8
1.0,-3,0.8794222398898249,-3.0836777935371824,1,1,8
1.0,-2,1.12071075498327,-1.6691500227719767,1,1,8
1.3,-10,1.828090252770652,-5.467486212310298,1,1,8
1.3,-9,1.4933065936751384,-5.52961577743914,1,1,8
1.3,-8,1.6607086095966666,-6.197522029561667,1,1,8
1.3,-7,1.5462786980219514,-5.312860381355646,1,1,8
1.3,-6,1.1060976315903477,-6.689764631729332,1,1,8
1.3,-5,1.2841503996366594,-4.09062871685277,1,1,8
1.3,-4,1.087687814519303,-3.5776838304916723,1,1,8
1.3,-3,1.01381117008054,-4.935294206851399,1,1,8
1.3,-2,1.0742082559223958,-2.3349637128399476,1,1,8
1.6,-10,1.6123298936553143,-6.102589541771194,1,1,8
1.6,-9,1.7205326979732338,-5.9602940544184655,1,1,8
1.6,-8,1.4669646574553081,-4.901897824513153,1,1,8
1.6,-7,1.396168310827456,-7.290128614542365,1,1,8
1.6,-6,1.8384555157030475,-6.424478434978811,1,1,8
1.6,-5,1.7939299381699725,-6.559787156200018,1,1,8
1.6,-4,1.4329748563189049,-5.284049870884165,1,1,8
1.6,-3,1.221076534879323,-3.6103020101013263,1,1,8
1.6,-2,1.4498548692632844,-1.8973604574725953,1,1,8
1.9,-10,1.6103811995234993,-5.347824234438402,1,1,8
1.9,-9,1.3441895887628332,-7.86133538671713,1,1,8
1.9,-8,1.7208098339015532,-6.18214840582015,1,1,8
1.9,-7,1.199832783486369,-6.490592735881291,1,1,8
1.9,-6,1.4908069242163107,-6.010082656068639,1,1,8
1.9,-5,1.6853669252778596,-6.048050815575506,1,1,8
1.9,-4,1.2468167481832606,-4.102584815433226,1,1,8
1.9,-3,1.4257157874912987,-3.9645305946307743,1,1,8
1.9,-2,1.6020545604182255,-2.303968842592245,1,1,8
2.2,-10,1.8176994001400741,-5.628292144982984,1,1,8
2.2,-9,2.043961291685644,-6.145375587292948,1,1,8
2.2,-8,1.6417687803425205,-5.542863478842136,1,1,8
2.2,-7,1.5873115175349461,-5.429069521613663,1,1,8
2.2,-6,1.91113044004954,-4.194473368575224,1,1,8
2.2,-5,1.9368548991304522,-4.709195340622436,1,1,8
2.2,-4,1.1922132938313115,-4.974396107173886,1,1,8
2.2,-3,1.7207148195078805,-3.689686211176938,1,1,8
2.2,-2,1.5071779200017381,-2.80202171457472,1,1,8
2.5,-10,1.6311258214585247,-6.434149845726422,1,1,8
2.5,-9,2.148781739817566,-6.210906022277861,1,1,8
2.5,-8,2.0768970534347524,-6.976582606203117,1,1,8
2.5,-7,1.610580602268807,-7.0968099776257905,1,1,8
2.5,-6,1.8014097478861917,-5.65181620312242,1,1,8
2.5,-5,1.6148950613181097,-4.981167735120391,1,1,8
2.5,-4,1.8683110622909838,-6.1926373609037135,1,1,8
2.5,-3,1.7512377419540184,-5.6566732547470675,1,1,8
2.5,-2,1.7811040203828414,-2.9768030050629966,1,1,8
0.1,-10,0.13377214836946588,-8.052509388542251,1,1,9
0.1,-9,0.08822111192115892,-8.077873708770934,1,1,9
0.1,-8,0.12940076624900193,-7.407418429535071,1,1,9
0.1,-7,0.08239690145128445,-7.633988250434084,1,1,9
0.1,-6,0.11895879195223198,-5.719757023878127,1,1,9
0.1,-5,0.044804455545052066,-4.9376405836515564,1,1,9
0.1,-4,0.15495371085212728,-4.1634780118913435,1,1,9
0.1,-3,0.06164114987209526,-3.2584532489668487,1,1,9
0.1,-2,0.1478953083277713,-1.9969726135037813,1,1,9
0.4,-10,0.560329425921545,-6.887672013149222,1,1,9
0.4,-9,0.3959865142970884,-7.7201379914555925,1,1,9
0.4,-8,0.4403731267165921,-7.5632910085874006,1,1,9
0.4,-7,0.579969337281568,-5.562292311285679,1,1,9
0.4,-6,0.2933406592025337,-4.762854437378174,1,1,9
0.4,-5,0.4037007129164035,-3.908969871387625,1,1,9
0.4,-4,0.46421872885786464,-3.848019294003758,1,1,9
0.4,-3,0.40332069052783737,-4.2986976011354585,1,1,9
0.4,-2,0.5830070308722342,-2.187907853641142,1,1,9
0.7,-10,0.8666798876855459,-7.4578123726500305,1,1,9
0.7,-9,0.5793706858809347,-6.874358810219833,1,1,9
0.7,-8,0.8078087558062108,-7.08795832888582,1,1,9
0.7,-7,0.864072292584996,-7.110845788489668,1,1,9
0.7,-6,0.5524776280933431,-5.9674142817903695,1,1,9
0.7,-5,1.061558385433918,-3.9707804652778407,1,1,9
0.7,-4,0.7064569312389692,-3.9829622146350703,1,1,9
0.7,-3,0.8633516395952452,-2.843232759540416,1,1,9
0.7,-2,0.9242533595465894,-1.6309937952490108,1,1,9
1.0,-10,0.7258220748411598,-7.045697517142879,1,1,9
1.0,-9,0.8960996405054588,-6.658730963891646,1,1,9
1.0,-8,1.2678932960577376,-7.452600728299978,1,1,9
1.0,-7,1.1862396524201713,-6.211068280347356,1,1,9
1.0,-6,0.8078185965831526,-6.259263747082546,1,1,9
1.0,-5,0.8225020572409683,-3.9179861355046666,1,1,9
1.0,-4,1.09341321968778,-3.7615769605247693,1,1,9
1.0,-3,0.811505397295111,-3.6949957358354864,1,1,9
1.0,-2,0.9775757205454194,-1.8262111203266163,1,1,9
1.3,-10,1.4972541642559034,-6.233539875966919,1,1,9
1.3,-9,1.5984976638080037,-7.137312602515808,1,1,9
1.3,-8,1.5002644437735224,-4.994715467323454,1,1,9
1.3,-7,1.3186987013315261,-5.621883634080827,1,1,9
1.3,-6,1.5758204793406085,-6.595030170539857,1,1,9
1.3,-5,0.6509023569866608,-5.386080355299537,1,1,9
1.3,-4,1.3312978609067008,-4.943493947532805,1,1,9
1.3,-3,1.199119848939262,-2.505917374981131,1,1,9
1.3,-2,1.2917399893228756,-2.7589534781518714,1,1,9
1.6,-10,1.2402553199342792,-6.453853092744042,1,1,9
1.6,-9,1.84281865410692,-5.983564724914953,1,1,9
1.6,-8,1.6786482427032599,-6.0220724293778725,1,1,9
1.6,-7,1.4948513241627586,-7.524801468491535,1,1,9
1.6,-6,1.0774869992691931,-6.89577100076678,1,1,9
1.6,-5,1.181500707350632,-5.393753512787001,1,1,9
1.6,-4,1.7772242876461322,-5.592170896606683,1,1,9
1.6,-3,2.0491573919638677,-4.661625967587588,1,1,9
1.6,-2,1.3496120461404026,-2.5021005382026624,1,1,9
1.9,-10,1.374358273043352,-6.877845213476265,1,1,9
1.9,-9,1.576030752719018,-3.8941171327799324,1,1,9
1.9,-8,1.9779912564239954,-6.838458192561376,1,1,9
1.9,-7,1.4910758017632575,-6.9907215454248135,1,1,9
1.9,-6,1.839317728162201,-4.9223087573292625,1,1,9
1.9,-5,1.759859675973725,-6.223137694662245,1,1,9
1.9,-4,1.2527158418051474,-5.600780076768393,1,1,9
1.9,-3,1.636295358538008,-4.383870217034418,1,1,9
1.9,-2,1.4656049579907457,-2.7189203661404955,1,1,9
2.2,-10,1.3341514725966024,-6.3239327675303745,1,1,9
2.2,-9,1.884964927965932,-4.602445251390762,1,1,9
2.2,-8,2.0505456555422708,-6.119536719116123,1,1,9
2.2,-7,1.5925622259644274,-6.192188592087057,1,1,9
2.2,-6,1.7798606364805156,-6.058073448390623,1,1,9
2.2,-5,1.297537960427579,-6.352589907652366,1,1,9
2.2,-4,1.8996444077749706,-4.458274087662218,1,1,9
2.2,-3,1.9560026463461928,-4.590331998924112,1,1,9
2.2,-2,1.3898436414067834,-2.455743493435808,1,1,9
2.5,-10,2.4536836393839287,-6.299830840750272,1,1,9
2.5,-9,2.109076843934685,-7.0302743280755475,1,1,9
2.5,-8,2.037729618373759,-6.636264023893781,1,1,9
2.5,-7,1.834962489598876,-6.089107033006282,1,1,9
2.5,-6,2.0178027622165793,-6.181404670480569,1,1,9
2.5,-5,1.997493643669257,-5.10077271000859,1,1,9
2.5,-4,1.640584093959772,-4.400939674965851,1,1,9
2.5,-3,1.961004302644744,-5.0240791634718445,1,1,9
2.5,-2,1.949227993912586,-2.7108001995299067,1,1,9
0.1,-10,0.10158199992258726,-8.159791742753917,1,1,10
0.1,-9,0.10901607290127471,-6.987376130325902,1,1,10
0.1,-8,0.08616789746182904,-7.6852393546063205,1,1,10
0.1,-7,0.0819829541154529,-7.21118398911629,1,1,10
0.1,-6,0.09042238058812016,-6.26412924635302,1,1,10
0.1,-5,0.1548871880546389,-4.930514696724249,1,1,10
0.1,-4,0.14530925644123943,-4.03217815182637,1,1,10
0.1,-3,0.14870256681283744,-3.0385262968267286,1,1,10
0.1,-2,0.13397463939101392,-1.9230562067324921,1,1,10
0.4,-10,0.5367999921765325,-7.771387351311134,1,1,10
0.4,-9,0.46190934042492515,-7.8042469712706986,1,1,10
0.4,-8,0.33599028482284693,-7.916228389759806,1,1,10
0.4,-7,0.4250814054494128,-5.745952279051568,1,1,10
0.4,-6,0.45140369556146404,-6.17997085869294,1,1,10
0.4,-5,0.5301528148031005,-5.4249968679954526,1,1,10
0.4,-4,0.38102387936804494,-3.9874597479133174,1,1,10
0.4,-3,0.2653571454966373,-3.625741197313535,1,1,10
0.4,-2,0.3480599791978477,-2.2391222000675244,1,1,10
0.7,-10,0.6533292940283237,-7.163365496840283,1,1,10
0.7,-9,0.7254904385888925,-8.131692929148324,1,1,10
0.7,-8,0.6799003480724428,-6.324298637259529,1,1,10
0.7,-7,0.6120727911742895,-5.712778430757491,1,1,10
0.7,-6,0.7104935041596382,-5.8838330206624665,1,1,10
0.7,-5,0.8125268376182829,-4.5817800791102625,1,1,10
0.7,-4,0.5471774515831297,-4.229756062513014,1,1,10
0.7,-3,0.7653952793332215,-3.2965222611565332,1,1,10
0.7,-2,0.7508299838595065,-1.6301359520837382,1,1,10
1.0,-10,1.6091775806196753,-6.990634809451307,1,1,10
1.0,-9,1.0043155755914355,-6.3535971657793,1,1,10
1.0,-8,0.8976318216145766,-7.265899208113206,1,1,10
1.0,-7,1.3769636234373714,-6.880643301657085,1,1,10
1.0,-6,1.6032282766369037,-6.745034903267566,1,1,10
1.0,-5,0.9789159639522207,-5.296410098531575,1,1,10
1.0,-4,1.111455045956572,-4.583537527937546,1,1,10
1.0,-3,0.9386071061526263,-3.1425313806596398,1,1,10
1.0,-2,0.8717987666047395,-3.0074231255630606,1,1,10
1.3,-10,1.2375894001176575,-6.530118724435472,1,1,10
1.3,-9,1.326109614698622,-6.398373584973665,1,1,10
1.3,-8,1.435651489640704,-7.366761022078825,1,1,10
1.3,-7,1.0617479194684707,-6.168192516338503,1,1,10
1.3,-6,1.2531076907703,-5.185070300268496,1,1,10
1.3,-5,1.3462126800391945,-5.210309693034149,1,1,10
1.3,-4,1.466813702951224,-4.140703922684507,1,1,10
1.3,-3,0.8936655239713368,-3.9741542567519357,1,1,10
1.3,-2,1.248176271421178,-2.4160860324235784,1,1,10
1.6,-10,1.023897540822481,-6.944954821213441,1,1,10
1.6,-9,2.1107942558675115,-6.498690451954271,1,1,10
1.6,-8,1.5743690942795487,-6.052687934418545,1,1,10
1.6,-7,1.3115365348830035,-5.9190852517269885,1,1,10
1.6,-6,1.8953975187055208,-6.540075178521267,1,1,10
1.6,-5,1.7787742111991522,-5.023855345367402,1,1,10
1.6,-4,1.0060868264627492,-5.895156848305163,1,1,10
1.6,-3,1.7897681608932827,-3.576941220815282,1,1,10
1.6,-2,1.7141564951750772,-1.93596029758256,1,1,10
1.9,-10,1.3345932707714945,-6.969831659227562,1,1,10
1.9,-9,1.872240351873432,-6.096809325883773,1,1,10
1.9,-8,1.5583741435855587,-6.345779429553591,1,1,10
1.9,-7,2.113432546638803,-5.818955198029623,1,1,10
1.9,-6,1.7718670735524837,-5.826717299433828,1,1,10
1.9,-5,2.0494665560797856,-6.046970374821532,1,1,10
1.9,-4,1.9536890303267218,-5.475775009854223,1,1,10
1.9,-3,1.643288599956362,-6.3882287373040025,1,1,10
1.9,-2,1.1649830124911016,-4.404916333137269,1,1,10
2.2,-10,1.676128210751882,-7.1459023745725565,1,1,10
2.2,-9,1.6334580752608157,-5.928228615411979,1,1,10
2.2,-8,2.395064165991207,-5.632648150685444,1,1,10
2.2,-7,2.2823803627439916,-6.429616858149318,1,1,10
2.2,-6,1.543175666971313,-6.3080101841869265,1,1,10
2.2,-5,1.5105101532617093,-6.377236473522752,1,1,10
2.2,-4,1.9535650503539697,-5.18216431628773,1,1,10
2.2,-3,2.353213964321995,-6.38853546779942,1,1,10
2.2,-2,1.2762080741641932,-2.603719427708429,1,1,10
2.5,-10,2.2139261239027705,-7.044012564207486,1,1,10
2.5,-9,1.738566300292233,-5.522648691051978,1,1,10
2.5,-8,1.609806602816482,-7.018529872144303,1,1,10
2.5,-7,2.2157823856278176,-5.502456277596117,1,1,10
2.5,-6,1.4733797271868507,-7.336806188928921,1,1,10
2.5,-5,1.9155277793330034,-4.338494678666421,1,1,10
2.5,-4,2.166268634710388,-6.801635720385168,1,1,10
2.5,-3,1.8609533683388522,-5.270673267920125,1,1,10
2.5,-2,1.8944273937936948,-6.171357505885538,1,1,10
